<?xml version="1.0" encoding="UTF-8"?>
<files psalm-version="4.7.1@cd53e047a58f71f646dd6bf45476076ab07b5d44">
  <file src="src/Persistence/Mapping/Driver.php">
    <ArgumentTypeCoercion occurrences="5">
      <code>$metadata</code>
      <code>$metadata</code>
      <code>$metadata</code>
      <code>$metadata</code>
      <code>$metadata</code>
    </ArgumentTypeCoercion>
  </file>
  <file src="src/Resources/config/routes.php">
    <InvalidArgument occurrences="2">
      <code>['league.oauth2_server.controller.authorization', 'indexAction']</code>
      <code>['league.oauth2_server.controller.token', 'indexAction']</code>
    </InvalidArgument>
  </file>
  <file src="src/Resources/config/services.php">
    <ImplicitToStringCast occurrences="1">
      <code>service(GrantConfigurator::class)</code>
    </ImplicitToStringCast>
  </file>
</files>
