<?xml version="1.0"?>
<psalm
    errorLevel="1"
    strictBinaryOperands="true"
    phpVersion="7.2"
    allowStringToStandInForClass="true"
    rememberPropertyAssignmentsAfterCall="false"
    checkForThrowsInGlobalScope="true"
    xmlns:xsi="http://www.w3.org/2001/XMLSchema-instance"
    xmlns="https://getpsalm.org/schema/config"
    xsi:schemaLocation="https://getpsalm.org/schema/config vendor/vimeo/psalm/config.xsd"
    errorBaseline=".psalm.baseline.xml"
>
    <projectFiles>
        <directory name="src"/>
        <ignoreFiles>
            <file name="src/Security/Authenticator/ForwardCompatAuthenticatorTrait.php"/> <!-- @see https://github.com/vimeo/psalm/issues/7863 -->
            <directory name="src/DependencyInjection"/>
            <directory name="vendor"/>
        </ignoreFiles>
    </projectFiles>

    <issueHandlers>
        <LessSpecificReturnType errorLevel="error"/>
        <DeprecatedMethod errorLevel="error"/>
        <DeprecatedProperty errorLevel="error"/>
        <DeprecatedClass errorLevel="error"/>
        <DeprecatedConstant errorLevel="error"/>
        <DeprecatedInterface errorLevel="error"/>
        <DeprecatedTrait errorLevel="error"/>
        <ForbiddenCode errorLevel="error"/>
        <InternalMethod errorLevel="error"/>
        <InternalProperty errorLevel="error"/>
        <InternalClass errorLevel="error"/>
        <MissingClosureReturnType errorLevel="error"/>
        <MissingReturnType errorLevel="error"/>
        <MissingPropertyType errorLevel="error"/>
        <InvalidDocblock errorLevel="error"/>
        <PropertyNotSetInConstructor errorLevel="error"/>
        <MissingConstructor errorLevel="error"/>
        <MissingClosureParamType errorLevel="error"/>
        <MissingParamType errorLevel="error"/>
        <DocblockTypeContradiction errorLevel="error"/>
        <RawObjectIteration errorLevel="error"/>
        <InvalidStringClass errorLevel="error"/>
        <UnresolvableInclude errorLevel="error"/>
    </issueHandlers>

    <plugins>
        <pluginClass class="Psalm\SymfonyPsalmPlugin\Plugin"/>
    </plugins>
</psalm>
